No,Nama Industri,Nama Pemilik,Nama Penanggung Jawab,Kecamatan,Kelurahan,Alamat,KBLI
1,sasirangan ading bestari,LISMAWATI,LISMAWATI,Banjarmasin Tengah (63.71.05),Seberang Mesjid (63.71.05.1007),JALAN SIMPANG SEI MESA NO. 70,13132 - INDUSTRI PENYEMPURNAAN KAIN
2,SASIRANGAN ADY,ALI PERMADI,ALI PERMADI,Banjarmasin Timur (63.71.02),Sungai Lulut (63.71.02.1005),"JL. PRAMUKA KOMP. RAHAYU PEMBINA IV KOMP, SURYA PUTRI RAHAYU 2 JALUR 1 NO.22",13134 - INDUSTRI BATIK
3,Siska Sasirangan,Siti Salmah,Siti Salmah,Banjarmasin Tengah (63.71.05),Seberang Mesjid (63.71.05.1007),Jl Sebrang Mesjid Gang II RT 5,13132 - INDUSTRI PENYEMPURNAAN KAIN
4,Ghaniyah Sasirangan,Nurul Huda,Nurul Huda,Banjarmasin Utara (63.71.04),Sungai Andai (63.71.04.1010),JL.PURNAMA PERMAI 2 JALUR 6 NO 132,13134 - INDUSTRI BATIK
5,Wienies Sasirangan (1334),DEWI ULFIANA SARI,DEWI ULFIANA SARI,Banjarmasin Barat (63.71.03),Belitung Utara (63.71.03.1001),Jl. S. Parman Gg. Kalimantan 1 No. 4 H RT 01 RW 01,13134 - INDUSTRI BATIK
6,Wienies Sasirangan (13132),DEWI ULFIANA SARI,DEWI ULFIANA SARI,Banjarmasin Barat (63.71.03),Belitung Utara (63.71.03.1001),Jl. S. Parman Gg. Kalimantan 1 No. 4 H RT 01 RW 01,13132 - INDUSTRI PENYEMPURNAAN KAIN
7,AL Sahid Sasirangan,RISMA WIDIYANTI,RISMA WIDIYANTI,Banjarmasin Timur (63.71.02),Karang Mekar (63.71.02.1003),JL. A YANI KM 3.5 GG. BINJAI RT. 08,13132 - INDUSTRI PENYEMPURNAAN KAIN
8,Adim Sasirangan Exclusive,HERRY RACHMATULLAH RAZAK,HERRY RACHMATULLAH RAZAK,Banjarmasin Barat (63.71.03),Belitung Utara (63.71.03.1001),JL. Belitung Darat GG. Rahayu No.21,13132 - INDUSTRI PENYEMPURNAAN KAIN
9,sasirangan Modern Jasymira,RINA RAHMAWATI,RINA RAHMAWATI,Banjarmasin Utara (63.71.04),Kuin Utara (63.71.04.1009),Jalan kuin utara gg al-mizan banjarmasin utara,13132 - INDUSTRI PENYEMPURNAAN KAIN
10,DM Sasirangan,UNTUNG DWIJAKSONO,UNTUNG DWIJAKSONO,Banjarmasin Timur (63.71.02),Pekapuran Raya (63.71.02.1008),Jalan Pekapuran Raya,13999 - INDUSTRI TEKSTIL LAINNYA YTDL
11,sasirangan batang alai 14111,Rabiatul adawiyah,Rabiatul adawiyah,Banjarmasin Tengah (63.71.05),Teluk Dalam (63.71.05.1004),JL. TUNAS BARU GG. TAQWA NO.02 RT.65,14111 - INDUSTRI PAKAIAN JADI (KONVEKSI) DARI TEKSTIL
12,Sasirangan Batang alai 13132,Rabiatul adawiyah,Rabiatul Adawiyah,Banjarmasin Tengah (63.71.05),Teluk Dalam (63.71.05.1004),Jln. Tunas baru GG taqwa no 2,13132 - INDUSTRI PENYEMPURNAAN KAIN
13,Malla Sasirangan 13134,Noorkumala,Noorkumala,Banjarmasin Tengah (63.71.05),Mawar (63.71.05.1003),Jl. H.Djokmentaya GG.Guntur RT.06,13134 - INDUSTRI BATIK
14,MALLA Sasirangan 13132,NOORKUMALA,NOORKUMALA,Banjarmasin Tengah (63.71.05),Mawar (63.71.05.1003),Jl. H.Djokmentaya GG.Guntur RT.06,13132 - INDUSTRI PENYEMPURNAAN KAIN
15,Melli Sasirangan (tailor),SAMPURNA SARI,SAMPURNA SARI,Banjarmasin Utara (63.71.04),Antasan Kecil Timur (63.71.04.1008),Jl. Antasan Kecil Timur Dalam No 93 RT 14,14120 - PENJAHITAN DAN PEMBUATAN PAKAIAN SESUAI PESANAN
16,Melli Sasirangan,SAMPURNA SARI,SAMPURNA SARI,Banjarmasin Utara (63.71.04),Antasan Kecil Timur (63.71.04.1008),Jl. Antasan Kecil Timur Dalam No 93 RT 14,13132 - INDUSTRI PENYEMPURNAAN KAIN
17,Rezeki Sasirangan (13132),FAUJI,FAUJI,Banjarmasin Utara (63.71.04),Alalak Utara (63.71.04.1002),Jl. Alalak Utara Gg. Istiqomah RT.10 RW 001,13132 - INDUSTRI PENYEMPURNAAN KAIN
18,Rezeki Sasirangan,FAUJI,FAUJI,Banjarmasin Utara (63.71.04),Alalak Utara (63.71.04.1002),Jl. Alalak Utara Gg. Istiqomah RT.10 RW 001,13134 - INDUSTRI BATIK
19,Bengkeng Sasirangan (13134),ISMIATI,ISMIATI,Banjarmasin Barat (63.71.03),Basirih (63.71.03.1009),Jl. Cempaka Sari IV No 37,13134 - INDUSTRI BATIK
20,Bengkeng Sasirangan,ISMIATI,ISMIATI,Banjarmasin Barat (63.71.03),Basirih (63.71.03.1009),Jl. Cempaka Sari IV No 37,13132 - INDUSTRI PENYEMPURNAAN KAIN
1,Agus Sasirangan,AGUS SURIADI,AGUS SURIADI,Banjarmasin Selatan (63.71.01),Kelayan Timur (63.71.01.1008),Jl. Tatah Bangkal Luar RT 33,13132 - INDUSTRI PENYEMPURNAAN KAIN
2,"Jelujur Sarifah (Alfrida Sasirangan,sandy Sasirangan)",Sarifah,Sarifah,Banjarmasin Utara (63.71.04),Alalak Utara (63.71.04.1002),Jl Alalak Utara Komp Herlina Perkasa No 33 blok c,13132 - INDUSTRI PENYEMPURNAAN KAIN
3,Fahmi Motif (Keluarga Sasirangan),M.Fahmi,M.Fahmi,Banjarmasin Utara (63.71.04),Alalak Utara (63.71.04.1002),Jl Alalak Utara Komp Herlina Perkasa No 33,13132 - INDUSTRI PENYEMPURNAAN KAIN
4,Jelujur Acil Sanah (keluarga sasirangan),Norhasanah,Norhasanah,Banjarmasin Utara (63.71.04),Alalak Utara (63.71.04.1002),Jl Alalak Utara Komp Herlina Perkasa No 40,13132 - INDUSTRI PENYEMPURNAAN KAIN
5,Dara sasirangan 13132,Ida rahmi,Ida rahmi,Banjarmasin Tengah (63.71.05),Seberang Mesjid (63.71.05.1007),Jl. Seberang Mesjid RT.6,13132 - INDUSTRI PENYEMPURNAAN KAIN
6,DARA SASIRANGAN 13134,Ida rahmi,Ida rahmi,Banjarmasin Tengah (63.71.05),Seberang Mesjid (63.71.05.1007),Jl. Seberang Mesjid RT.6,13134 - INDUSTRI BATIK
7,Jarum Jelujur Sasirangan (13132),KERENSIA SUGIANTO,KERENSIA SUGIANTO,Banjarmasin Timur (63.71.02),Sungai Lulut (63.71.02.1005),Jalan Pramuka Komplek Rahayu Pembina 5 no. 16A RT. 23,13132 - INDUSTRI PENYEMPURNAAN KAIN
8,Jarum Jelujur Sasirangan (13134),KERENSIA SUGIANTO,KERENSIA SUGIANTO,Banjarmasin Timur (63.71.02),Sungai Lulut (63.71.02.1005),Jalan Pramuka Komplek Rahayu Pembina 5 no. 16A RT. 23,13134 - INDUSTRI BATIK
9,Jelujur Siti Nurbaya (Jelujur Sasirangan),Siti Nurbaya,Siti Nurbaya,Banjarmasin Utara (63.71.04),Sungai Andai (63.71.04.1010),Jl Padat Karya Komp Herlina Perkasa Blok Batu Nilam II NO. 05 -,13132 - INDUSTRI PENYEMPURNAAN KAIN
10,Al Yadi Sasirangan,Ramli,Ramli,Banjarmasin Selatan (63.71.01),Kelayan Barat (63.71.01.1004),Jl. KS Tubun Rantauan Timur I Rt 15 No 30,13132 - INDUSTRI PENYEMPURNAAN KAIN
11,Naufal Nabiel Sasirangan,Rokani,Rokani,Banjarmasin Selatan (63.71.01),Kelayan Tengah (63.71.01.1005),Jl.kelayan B gg.berkat no 20 rt 5 rw 1,13132 - INDUSTRI PENYEMPURNAAN KAIN
12,Afri Sasirangan,Agus Suriadi,Agus Suriadi,Banjarmasin Selatan (63.71.01),Kelayan Timur (63.71.01.1008),Jl. Tatah bangkal Luar rt 33,13132 - INDUSTRI PENYEMPURNAAN KAIN
13,R2 Cahaya Sasirangan (13134),Normawati,Normawati,Banjarmasin Timur (63.71.02),Banua Anyar (63.71.02.1006),Jl. 9 Nopember GG. SDN,13134 - INDUSTRI BATIK
14,R2 Cahaya Sasirangan (13132),Normawati,Normawati,Banjarmasin Timur (63.71.02),Banua Anyar (63.71.02.1006),Jl. 9 Nopember GG. SDN,13132 - INDUSTRI PENYEMPURNAAN KAIN
15,baRikit sasirangan 13132,Rina Novian Artiany,Rina Novian Artiany,Banjarmasin Tengah (63.71.05),Pasar Lama (63.71.05.1006),jalan antasan kecil barat no 59 rt 014 rw 002,13132 - INDUSTRI PENYEMPURNAAN KAIN
16,ADELIA SASIRANGAN 13134,JUNAIDI,JUNAIDI,Banjarmasin Tengah (63.71.05),Seberang Mesjid (63.71.05.1007),JL.SEBERANG MESJID GANG.2 SYAZALI NO.16,13134 - INDUSTRI BATIK
17,ASSALAM SASIRANGAN 13132,Muhammad Redho,Muhammad Redho,Banjarmasin Tengah (63.71.05),Teluk Dalam (63.71.05.1004),JL MULAWARMAN GANG BUNTU,13132 - INDUSTRI PENYEMPURNAAN KAIN
18,Amay Sasirangan 13132,Hj. Siti Maimunah,Hj. Siti Maimunah,Banjarmasin Tengah (63.71.05),Seberang Mesjid (63.71.05.1007),Jalan Seberang mesjid No.18 RT.05,13132 - INDUSTRI PENYEMPURNAAN KAIN
19,SASIRANGAN KAYUH BAIMBAI 13132,EVAWANI ROSITA,EVAWANI ROSITA,Banjarmasin Tengah (63.71.05),Seberang Mesjid (63.71.05.1007),Jl pahlawan no 67 RT 7,13132 - INDUSTRI PENYEMPURNAAN KAIN
20,lina sasirangan 13132,rusmalina,rusmalina,Banjarmasin Tengah (63.71.05),Seberang Mesjid (63.71.05.1007),Jalan Seberang mesjid RT.05 No.08,13132 - INDUSTRI PENYEMPURNAAN KAIN
1,AYU SASIRANGAN 13132,Gusti Sri Rahayu,Gusti Sri Rahayu,Banjarmasin Tengah (63.71.05),Seberang Mesjid (63.71.05.1007),Seberang mesjid no 10 RT 05,13132 - INDUSTRI PENYEMPURNAAN KAIN
2,INDAH SASIRANGAN 13132,GUSTI RUSDIANI,GUSTI RUSDIANI,Banjarmasin Tengah (63.71.05),Seberang Mesjid (63.71.05.1007),SEBERANG MESJID RT 06 NO 2,13132 - INDUSTRI PENYEMPURNAAN KAIN
3,Adi Sasirangan (13132),Yahya Surya,Yahya Surya,Banjarmasin Timur (63.71.02),Banua Anyar (63.71.02.1006),Jl. Pangeran Hidayatullah No.17,13132 - INDUSTRI PENYEMPURNAAN KAIN
4,Adi Sasirangan (13134),Yahya Surya,Yahya Surya,Banjarmasin Timur (63.71.02),Banua Anyar (63.71.02.1006),Jl. Pangeran Hidayatullah No.17,13134 - INDUSTRI BATIK
5,Irma Sasirangan 13134,LAILANI LATIFAH,LAILANI LATIFAH,Banjarmasin Tengah (63.71.05),Seberang Mesjid (63.71.05.1007),Jl. seberang mesjid Rt.06,13134 - INDUSTRI BATIK
6,MAMA FIRMAN SASIRANGAN 13134,RAUDATUL JENNAH,RAUDATUL JENNAH,Banjarmasin Tengah (63.71.05),Seberang Mesjid (63.71.05.1007),JL SEBERANG MESJID,13134 - INDUSTRI BATIK
7,AMI SASIRANGAN 13134,KATRIN,KATRIN,Banjarmasin Tengah (63.71.05),Seberang Mesjid (63.71.05.1007),JL SEBERANG MESJID,13134 - INDUSTRI BATIK
8,yaya sasirangan 13134,SITI ASPIA,SITI ASPIA,Banjarmasin Tengah (63.71.05),Seberang Mesjid (63.71.05.1007),Jl. Seberang Mesjid No.2A,13134 - INDUSTRI BATIK
9,AMI SASIRANGAN 13132,KATRIN,KATRIN,Banjarmasin Tengah (63.71.05),Seberang Mesjid (63.71.05.1007),JL SEBERANG MESJID,13132 - INDUSTRI PENYEMPURNAAN KAIN
10,MAMA FIRMAN SASIRANGAN 13132,RAUDATUL JENNAH,RAUDATUL JENNAH,Banjarmasin Tengah (63.71.05),Seberang Mesjid (63.71.05.1007),JL SEBERANG MESJID,13132 - INDUSTRI PENYEMPURNAAN KAIN
11,Irma Sasirangan 13132,LAILANI LATIFAH,LAILANI LATIFAH,Banjarmasin Tengah (63.71.05),Seberang Mesjid (63.71.05.1007),Jl. seberang mesjid Rt.06,13132 - INDUSTRI PENYEMPURNAAN KAIN
12,yaya sasirangan 13132,siti aspia,siti aspia,Banjarmasin Tengah (63.71.05),Seberang Mesjid (63.71.05.1007),Jl. Seberang Mesjid No.2A,13132 - INDUSTRI PENYEMPURNAAN KAIN
13,BUNGAS SASIRANGAN 13134,BAIHAQI,BAIHAQI,Banjarmasin Tengah (63.71.05),Seberang Mesjid (63.71.05.1007),JL SEBERANG MESJID,13134 - INDUSTRI BATIK
14,BUNGAS SASIRANGAN 13132,BAIHAQI,BAIHAQI,Banjarmasin Tengah (63.71.05),Seberang Mesjid (63.71.05.1007),JL SEBERANG MESJID,13132 - INDUSTRI PENYEMPURNAAN KAIN
15,SUSI SASIRANGAN 13132,SUSI,SUSI,Banjarmasin Tengah (63.71.05),Seberang Mesjid (63.71.05.1007),JL SEBERANG MESJID,13132 - INDUSTRI PENYEMPURNAAN KAIN
16,SUSI SASIRANGAN 13134,SUSI,SUSI,Banjarmasin Tengah (63.71.05),Seberang Mesjid (63.71.05.1007),JL SEBERANG MESJID,13134 - INDUSTRI BATIK
17,SONA SASIRANGAN 13134,RAHMI,RAHMI,Banjarmasin Tengah (63.71.05),Seberang Mesjid (63.71.05.1007),"Jl. Seberang Mesjid, RT.6 no. 10",13134 - INDUSTRI BATIK
18,sona sasirangan 13132,RAHMI,RAHMI,Banjarmasin Tengah (63.71.05),Seberang Mesjid (63.71.05.1007),"Jl. Seberang Mesjid, RT.6 no 10",13132 - INDUSTRI PENYEMPURNAAN KAIN
19,HENI SASIRANGAN 13134,HENI,HENI,Banjarmasin Tengah (63.71.05),Seberang Mesjid (63.71.05.1007),Jl. Seberang Mesjid No.09 RT.05,13134 - INDUSTRI BATIK
20,Heni Sasirangan 13132,HENI,HENI,Banjarmasin Tengah (63.71.05),Seberang Mesjid (63.71.05.1007),Jl. Seberang Mesjid No.09 RT.05,13132 - INDUSTRI PENYEMPURNAAN KAIN
1,BAIM SASIRANGAN 13134,HAIKAL,HAIKAL,Banjarmasin Tengah (63.71.05),Seberang Mesjid (63.71.05.1007),JL SEBERANG MESJID,13134 - INDUSTRI BATIK
2,baim sasirangan 13132,HAIKAL,HAIKAL,Banjarmasin Tengah (63.71.05),Seberang Mesjid (63.71.05.1007),jl seberang mesjid,13132 - INDUSTRI PENYEMPURNAAN KAIN
3,aghnia sasirangan 13134,wardah,wardah,Banjarmasin Tengah (63.71.05),Seberang Mesjid (63.71.05.1007),jl seberang mesjid,13134 - INDUSTRI BATIK
4,aghnia sasirangan 13132,wardah,wardah,Banjarmasin Tengah (63.71.05),Seberang Mesjid (63.71.05.1007),jl seberang mesjid,13132 - INDUSTRI PENYEMPURNAAN KAIN
5,Shofia Galeri Sasirangan 13134,Alma Saufia Misbah S. Sos,Alma Saufia Misbah S. Sos,Banjarmasin Tengah (63.71.05),Seberang Mesjid (63.71.05.1007),"Kampung Sasirangan, Jl. Seberang Mesjid RT. 5",13134 - INDUSTRI BATIK
6,Shofia Galeri Sasirangan 13132,Alma Saufia Misbah S. Sos,Alma Saufia Misbah S. Sos,Banjarmasin Tengah (63.71.05),Seberang Mesjid (63.71.05.1007),"Kampung Sasirangan, Jl. Seberang Mesjid RT. 5",13132 - INDUSTRI PENYEMPURNAAN KAIN
7,MADARA SASIRANGAN 13134,SYUHADA RAKHMANI,SYUHADA RAKHMANI,Banjarmasin Tengah (63.71.05),Seberang Mesjid (63.71.05.1007),JL SEBERANG MESJID,13134 - INDUSTRI BATIK
8,MADARA SASIRANGAN 13132,SYUHADA RAKHMANI,SYUHADA RAKHMANI,Banjarmasin Tengah (63.71.05),Seberang Mesjid (63.71.05.1007),JL SEBERANG MESJID,13132 - INDUSTRI PENYEMPURNAAN KAIN
9,Kamila Galeri Sasirangan 13134,RIDUAN NOOR,RIDUAN NOOR,Banjarmasin Tengah (63.71.05),Seberang Mesjid (63.71.05.1007),Jl. Seberang Mesjid No 19 RT. 5,13134 - INDUSTRI BATIK
10,rose sasirangan 13134,AFNI ZULAIKA PRATIWI,AFNI ZULAIKA PRATIWI,Banjarmasin Tengah (63.71.05),Seberang Mesjid (63.71.05.1007),Jl. Seberang Masjid GG. Paris RT. 006 RW. 001,13134 - INDUSTRI BATIK
11,Rose Sasirangan 13132,AFNI ZULAIKA PRATIWI,AFNI ZULAIKA PRATIWI,Banjarmasin Tengah (63.71.05),Seberang Mesjid (63.71.05.1007),Jl. Seberang Masjid GG. Paris RT. 006 RW. 001,13132 - INDUSTRI PENYEMPURNAAN KAIN
12,D'DAUNAN SASIRANGAN,"RIZA ASPIHANY, A.MD","RIZA ASPIHANY, A.MD",Banjarmasin Tengah (63.71.05),Seberang Mesjid (63.71.05.1007),JL.SEBERANG MESJID GG.PARIS,13134 - INDUSTRI BATIK
13,SISKA SASIRANGAN 13132,SITI SALMAH,SITI SALMAH,Banjarmasin Tengah (63.71.05),Seberang Mesjid (63.71.05.1007),Jalan Seberang mesjid RT.05 Gang Sejoli No.16,13132 - INDUSTRI PENYEMPURNAAN KAIN
14,umai sasirangan (13134),desi fatimah,desi fatimah,Banjarmasin Timur (63.71.02),Banua Anyar (63.71.02.1006),jl 9 nopember rt 17 no 64,13134 - INDUSTRI BATIK
15,Ruth Oedi (sasirangan) (13134),RUTH MARLIANI OEDI,RUTH MARLIANI OEDI,Banjarmasin Tengah (63.71.05),Melayu (63.71.05.1009),Jl. Kampung Melayu GG. Nusantara No. 16 Rt. 10,13134 - INDUSTRI BATIK
16,PRIMA SASIRANGAN,ZUNI RAHMAH DEWI,ZUNI RAHMAH DEWI,Banjarmasin Barat (63.71.03),Pelambuan (63.71.03.1003),Jl. Sutoyo S Asrama PHB No 06,13132 - INDUSTRI PENYEMPURNAAN KAIN
17,TOKO SASIRANGAN RIZKA,RUSMILAN SARI,RUSMILAN SARI,Banjarmasin Utara (63.71.04),Sungai Andai (63.71.04.1010),JL. PADAT KARYA SEI ANDAI NO. 449,14111 - INDUSTRI PAKAIAN JADI (KONVEKSI) DARI TEKSTIL
18,KEYSHA SASIRANGAN,ANITA,ANITA,Banjarmasin Utara (63.71.04),Kuin Utara (63.71.04.1009),Jalan Kuin Utara Rt 08 Rw 01,13132 - INDUSTRI PENYEMPURNAAN KAIN
19,KEYSHA SASIRANGAN,ANITA,ANITA,Banjarmasin Utara (63.71.04),Alalak Utara (63.71.04.1002),Jalan Kuin Utara Rt 08 Rw 01,13134 - INDUSTRI BATIK
20,Aqila sasirangan,MAHYUDIN,MAHYUDIN,Banjarmasin Utara (63.71.04),Sungai Jingah (63.71.04.1004),Jl. Sungai Jingah No. 75,13134 - INDUSTRI BATIK
1,AZIRA SASIRANGAN,MAHYUPI,MAHYUPI,Banjarmasin Utara (63.71.04),Sungai Jingah (63.71.04.1004),JL.SEL JINGAH NO.75,13132 - INDUSTRI PENYEMPURNAAN KAIN
2,Sasirangan Erna Waty,Erna Waty,Erna Waty,Banjarmasin Utara (63.71.04),Sungai Andai (63.71.04.1010),Jl Padat Karya Komplek Perdana Mandiri Blok E No 26,13134 - INDUSTRI BATIK
3,HNAL SASIRANGAN,NURUL HIKMAH,NURUL HIKMAH,Banjarmasin Utara (63.71.04),Pangeran (63.71.04.1007),Jl. Bridjen Hasan Basri No. 9-11,13134 - INDUSTRI BATIK
4,HNAL SASIRANGAN,NURUL HIKMAH,NURUL HIKMAH,Banjarmasin Utara (63.71.04),Pangeran (63.71.04.1007),Jl. Bridjen Hasan Basri No. 9-11,13132 - INDUSTRI PENYEMPURNAAN KAIN
5,DDAUNAN SASIRANGAN BANJARMASIN,"RIZA ASPIHANY, A.MD","RIZA ASPIHANY, A.MD",Banjarmasin Tengah (63.71.05),Seberang Mesjid (63.71.05.1007),JL.SEBERANG MESJID GG.PARIS,13132 - INDUSTRI PENYEMPURNAAN KAIN
6,ALINA SASIRANGAN 13132,NOOR YURITHA,NOOR YURITHA,Banjarmasin Tengah (63.71.05),Sungai Baru (63.71.05.1010),Jln. Pekapuran A No. 8 RT 9,13132 - INDUSTRI PENYEMPURNAAN KAIN
7,Alya Sasirangan,DAWAINI,DAWAINI,Banjarmasin Utara (63.71.04),Sungai Andai (63.71.04.1010),"Jl. Bawang Putih Raya, No. 27, Komplek Herlina Perkasa",13132 - INDUSTRI PENYEMPURNAAN KAIN
8,Alya Sasirangan,DAWAINI,DAWAINI,Banjarmasin Utara (63.71.04),Sungai Andai (63.71.04.1010),"Jl. Bawang Putih Raya, No. 27, Komplek Herlina Perkasa",13134 - INDUSTRI BATIK
9,Alif Ayatullah Sasirangan,Alif Ayatullah,Alif Ayatullah,Banjarmasin Utara (63.71.04),Sungai Andai (63.71.04.1010),Jl Sungai Andai Komplek Perdana Mandiri Blok E No 26,13132 - INDUSTRI PENYEMPURNAAN KAIN
10,Alif Ayatullah Sasirangan,Alif Ayatullah,Alif Ayatullah,Banjarmasin Utara (63.71.04),Sungai Andai (63.71.04.1010),Jl Sungai Andai Komplek Perdana Mandiri Blok E No 26,13134 - INDUSTRI BATIK
11,Rizqina Sasirangan,RAHMAN ANSHARI,RAHMAN ANSHARI,Banjarmasin Utara (63.71.04),Alalak Utara (63.71.04.1002),Jalan HKSN No.3 RT.10,13132 - INDUSTRI PENYEMPURNAAN KAIN
12,Rizqina Sasirangan,RAHMAN ANSHARI,RAHMAN ANSHARI,Banjarmasin Utara (63.71.04),Alalak Utara (63.71.04.1002),Jalan HKSN No.3 RT.10,13134 - INDUSTRI BATIK
13,produksi kain sasirangan henny,GUSTI HENNY ANDRIYANI,GUSTI HENNY ANDRIYANI,Banjarmasin Selatan (63.71.01),Murung Raya (63.71.01.1007),"JL.ANTASAN SEGERA RT/RW:024/002,KEL.MURUNG RAYA,KEC.BANJARMASIN SELATAN,KOTA.BANJARMASIN","74113 - AKTIVITAS DESAIN TEKSTIL, FASHION DAN APPAREL"
14,BERKAH BINTANG / SASIRANGAN,AKHMAD RIFA'I,AKHMAD RIFA'I,Banjarmasin Utara (63.71.04),Alalak Utara (63.71.04.1002),Jalan AMD Raya Komplek Abdi Persada I Blok limau 3 no 277,13912 - INDUSTRI KAIN SULAMAN
15,AIS SASIRANGAN,SULASTRI,SULASTRI,Banjarmasin Utara (63.71.04),Sungai Andai (63.71.04.1010),JL. CENGKEH 2 NO. 31 KOMP. HERLINA PERKASA,13132 - INDUSTRI PENYEMPURNAAN KAIN
16,AIS SASIRANGAN,SULASTRI,SULASTRI,Banjarmasin Utara (63.71.04),Sungai Andai (63.71.04.1010),JL. CENGKEH 2 NO. 31 KOMP. HERLINA PERKASA,13134 - INDUSTRI BATIK
17,Adelia Sasirangan 13132,JUNAIDI,JUNAIDI,Banjarmasin Tengah (63.71.05),Seberang Mesjid (63.71.05.1007),JL.SEBERANG MESJID GANG.2 SYAZALI NO.16,13132 - INDUSTRI PENYEMPURNAAN KAIN
18,Zakaria Sasirangan,SUHARNI,SUHARNI,Banjarmasin Utara (63.71.04),Sungai Jingah (63.71.04.1004),Zakaria Sasirangan / JL. Sungai Jingah RT.017 RW.001,13132 - INDUSTRI PENYEMPURNAAN KAIN
19,SIE Sasirangan (13132),Lusi Librayana,Lusi Librayana,Banjarmasin Timur (63.71.02),Kuripan (63.71.02.1001),Jl. A Yani km 7.400 gg Al Munawarah RT 16,13132 - INDUSTRI PENYEMPURNAAN KAIN
20,Hadijah Sasirangan,AHMAD,AHMAD,Banjarmasin Utara (63.71.04),Sungai Andai (63.71.04.1010),Jl. Herlina Perkasa Blok Akasia 4 No. 32,13132 - INDUSTRI PENYEMPURNAAN KAIN
1,Hadijah Sasirangan,AHMAD,AHMAD,Banjarmasin Utara (63.71.04),Sungai Andai (63.71.04.1010),Jl. Herlina Perkasa Blok Akasia 4 No. 32,13134 - INDUSTRI BATIK
2,Khanisa Sasirangan,ARBAINAH,ARBAINAH,Banjarmasin Utara (63.71.04),Sungai Jingah (63.71.04.1004),Jl. Sungai Jingah No 305,13134 - INDUSTRI BATIK
3,Khanisa Sasirangan,ARBAINAH,ARBAINAH,Banjarmasin Utara (63.71.04),Sungai Jingah (63.71.04.1004),Jl. Sungai Jingah No 305,13132 - INDUSTRI PENYEMPURNAAN KAIN
4,ella Collection (kain sasirangan),"LAILA RAHMAH, S.AG","LAILA RAHMAH, S.AG",Banjarmasin Utara (63.71.04),Alalak Selatan (63.71.04.1003),Jalan HKSN Komplek Herlina,13132 - INDUSTRI PENYEMPURNAAN KAIN
5,ella Collection (kain sasirangan),"LAILA RAHMAH, S.AG","LAILA RAHMAH, S.AG",Banjarmasin Utara (63.71.04),Alalak Selatan (63.71.04.1003),Jalan HKSN Komplek Herlina Blok A no 56 rt 12,13134 - INDUSTRI BATIK
6,Benny Sasirangan (13134),Benny Nurdiansyah,Benny Nurdiansyah,Banjarmasin Timur (63.71.02),Kuripan (63.71.02.1001),Gatot subroto 6 jl.H. mahat kasan no.33 A,13134 - INDUSTRI BATIK
7,sasirangan berkah,BINTANG SURYANI,BINTANG SURYANI,Banjarmasin Utara (63.71.04),Alalak Utara (63.71.04.1002),Jalan AMD Raya Komplek Abdi Persada blok limau 3 RT 17 no 277,13134 - INDUSTRI BATIK
8,Syifa Sasirangan(13132),Endang Heriwiyani,Endang Heriwiyani,Banjarmasin Timur (63.71.02),Sungai Bilu (63.71.02.1004),Jl. Keramat Jaya RT 08 RW 01 no 07,13132 - INDUSTRI PENYEMPURNAAN KAIN
9,Dian Lia Sasirangan (13132),Dian Lia Rahmayani,Dian Lia Rahmayani,Banjarmasin Timur (63.71.02),Pengambangan (63.71.02.1007),Jl. Veteran kompleks a yani 2 RT.26 no.20,13132 - INDUSTRI PENYEMPURNAAN KAIN
10,Balakas (Sasirangan) (13132),Bustami,Bustami,Banjarmasin Timur (63.71.02),Karang Mekar (63.71.02.1003),Jl. Pekapuran A Rt. 16 Rw. 2 No. 2,13132 - INDUSTRI PENYEMPURNAAN KAIN
11,Ruth Oedi (sasirangan) (14120),RUTH MARLIANI OEDI,RUTH MARLIANI OEDI,Banjarmasin Tengah (63.71.05),Melayu (63.71.05.1009),Jl. Kampung Melayu GG. Nusantara No. 16 Rt. 10,14120 - PENJAHITAN DAN PEMBUATAN PAKAIAN SESUAI PESANAN
12,Pengrajin sasirangan samiah (13132),Samiah,Samiah,Banjarmasin Timur (63.71.02),Pengambangan (63.71.02.1007),Jalan Pangeran Hidayatullah RT.17 RW.01,13132 - INDUSTRI PENYEMPURNAAN KAIN
13,aldy sasirangan,Aris Mulyono,Aris Mulyono,Banjarmasin Barat (63.71.03),Pelambuan (63.71.03.1003),JL. BINA KARYA/SIMP. JAGUNG SIMPANG JAGUNG GG Perdana RT 63,13132 - INDUSTRI PENYEMPURNAAN KAIN
14,NA BA'SASIRANGAN,Tina Maulida,Tina Maulida,Banjarmasin Barat (63.71.03),Pelambuan (63.71.03.1003),Jln.Ir.PHM Noor RT 68,13132 - INDUSTRI PENYEMPURNAAN KAIN
15,Widia Busana Sasirangan,WIDIA TININGSIH,WIDIA TININGSIH,Banjarmasin Timur (63.71.02),Pengambangan (63.71.02.1007),Jl. Veteran km. 5 Sungai Gardu gg. h arsad rt.13 rw. 002 no. 48,14120 - PENJAHITAN DAN PEMBUATAN PAKAIAN SESUAI PESANAN
16,Beza Etty Sasirangan (13134),BEZA ETTY MANAFE,BEZA ETTY MANAFE,Banjarmasin Timur (63.71.02),Sungai Lulut (63.71.02.1005),Jln. Pembina 5 no 16,13134 - INDUSTRI BATIK
17,Benny Sasirangan (13132),Benny Nurdiansyah,Benny Nurdiansyah,Banjarmasin Timur (63.71.02),Sungai Lulut (63.71.02.1005),Gatot subroto 6 jl.H. mahat kasan no.33 A,13132 - INDUSTRI PENYEMPURNAAN KAIN
18,Keysha Sasirangan,Anita,Anita,Banjarmasin Utara (63.71.04),Kuin Utara (63.71.04.1009),Jl Kuin Utara Rt 8 rw 1,13132 - INDUSTRI PENYEMPURNAAN KAIN
19,Gunarti sasirangan,Gunarti madia ningsih,Gunarti madia ningsih,Banjarmasin Barat (63.71.03),Pelambuan (63.71.03.1003),Jl. Bina karya Gg damai No.35 Rt.062,13132 - INDUSTRI PENYEMPURNAAN KAIN
20,Aldi sasirangan,ARIS MULYONO,ARIS MULYONO,Banjarmasin Barat (63.71.03),Pelambuan (63.71.03.1003),Aldi sasirangan,13132 - INDUSTRI PENYEMPURNAAN KAIN
1,Iyan sasirangan,Sarkianoor,Sarkianoor,Banjarmasin Barat (63.71.03),Kuin Cerucuk (63.71.03.1008),Jl .Belda Gg emas urai no 20 rt 25 rw.009,13132 - INDUSTRI PENYEMPURNAAN KAIN
2,baRikit Sasirangan by Acil Imas 13134,Rina Novian Artiany,Rina Novian Artiany,Banjarmasin Tengah (63.71.05),Pasar Lama (63.71.05.1006),Jl. Antasan kecil barat No.59 RT.014 RW. 002,13134 - INDUSTRI BATIK
3,Aya Sasirangan,Rahimah,Rahimah,Banjarmasin Barat (63.71.03),Pelambuan (63.71.03.1003),Jl. IR PHM Noor RT 68,13132 - INDUSTRI PENYEMPURNAAN KAIN
4,Kamila Galeri Sasirangan 13132,RIDUAN NOOR,RIDUAN NOOR,Banjarmasin Tengah (63.71.05),Seberang Mesjid (63.71.05.1007),Jl. Seberang Mesjid No 19 RT. 5,13132 - INDUSTRI PENYEMPURNAAN KAIN
5,Pengrajin sasirangan samiah (13134),Samiah,Samiah,Banjarmasin Timur (63.71.02),Banua Anyar (63.71.02.1006),Jalan Pangeran Hidayatullah RT.17 RW.01,13134 - INDUSTRI BATIK
6,Ruth Oedi (sasirangan) (13132),RUTH MARLIANI OEDI,RUTH MARLIANI OEDI,Banjarmasin Tengah (63.71.05),Melayu (63.71.05.1009),Jl. Kampung Melayu GG. Nusantara No. 16 Rt. 10,13132 - INDUSTRI PENYEMPURNAAN KAIN
7,Alalak Sasirangan,Safrah,Safrah,Banjarmasin Utara (63.71.04),Alalak Tengah (63.71.04.1001),Jl Alalak Tengah No 34 Rt 12,13132 - INDUSTRI PENYEMPURNAAN KAIN
8,Ismi Clothing (kain sasirangan),Ismiati,Ismiati,Banjarmasin Utara (63.71.04),Sungai Jingah (63.71.04.1004),Jl Jahri Saleh Rt 9 no 50,13134 - INDUSTRI BATIK
9,Nela Sasirangan,Nela Alyda,Nela Alyda,Banjarmasin Utara (63.71.04),Sungai Jingah (63.71.04.1004),Jl Sungai Jingah rt 17 Gg Almuttaqin,13134 - INDUSTRI BATIK
10,Alalak Sasirangan,Safrah,Safrah,Banjarmasin Utara (63.71.04),Alalak Tengah (63.71.04.1001),Jl Alalak Tengah No 34 RT 12,13134 - INDUSTRI BATIK
11,Dian Lia Sasirangan (13134),Dian Lia Rahmayani,Dian Lia Rahmayani,Banjarmasin Timur (63.71.02),Pengambangan (63.71.02.1007),Jl. Veteran kompleks a yani 2 RT.26 no.20,13134 - INDUSTRI BATIK
12,Balakas (Sasirangan) (13134),Bustami,Bustami,Banjarmasin Timur (63.71.02),Karang Mekar (63.71.02.1003),Jl. Pekapuran A Rt. 16 Rw. 2 No. 2,13134 - INDUSTRI BATIK
13,SIE Sasirangan (13134),Yusi Librayana,Yusi Librayana,Banjarmasin Timur (63.71.02),Kuripan (63.71.02.1001),Jl. A Yani km 7.400 gg Al Munawarah RT 16,13134 - INDUSTRI BATIK
14,Syifa Sasirangan (13134),Endang Heriwiyani,Endang Heriwiyani,Banjarmasin Timur (63.71.02),Sungai Bilu (63.71.02.1004),Jl. Keramat Jaya RT 08 RW 01 no 07,13134 - INDUSTRI BATIK
15,Hasan Sasirangan,Hasan Basri,Hasan Basri,Banjarmasin Utara (63.71.04),Alalak Utara (63.71.04.1002),Jl Alalk Utara Komp Herlina Perkasa Permai RT 6 Rw 1 Blok A no 29,13134 - INDUSTRI BATIK
16,Sasirangan kayuh baimbai 13134,evawani rosita,evawani rosita,Banjarmasin Tengah (63.71.05),Seberang Mesjid (63.71.05.1007),Jl pahlawan no 67 RT 7,13134 - INDUSTRI BATIK
17,ASSALAM SASIRANGAN 13134,Muhammad Redho,Muhammad Redho,Banjarmasin Tengah (63.71.05),Teluk Dalam (63.71.05.1004),JL MULAWARMAN GANG BUNTU,13134 - INDUSTRI BATIK
18,Beza Etty Sasirangan (13132),Beza Etty Manafe,Beza Etty Manafe,Banjarmasin Timur (63.71.02),Sungai Lulut (63.71.02.1005),"Jl. Pramuka Komplek Rahayu, jalan Pembina 4 no. 1",13132 - INDUSTRI PENYEMPURNAAN KAIN
19,Norhafizah Sasirangan,Norhafizah,Norhafizah,Banjarmasin Selatan (63.71.01),Pemurus Dalam (63.71.01.1010),Jl. gelatik no 6 komp.beruntung jaya,13132 - INDUSTRI PENYEMPURNAAN KAIN
20,ramli sasirangan,Ramli,Ramli,Banjarmasin Selatan (63.71.01),Kelayan Barat (63.71.01.1004),jl.rantauan timur 1 no 30,13132 - INDUSTRI PENYEMPURNAAN KAIN
1,RALIYA Sasirangan,TINA MAULIDA,TINA MAULIDA,Banjarmasin Barat (63.71.03),Pelambuan (63.71.03.1003),JL.IR PHM NOOR BINA KARYA SIMPANG JAGUNG RT 68 RW 04 NO 24,13132 - INDUSTRI PENYEMPURNAAN KAIN
2,Melli Sasirangan dan Tailor,Sampurna sari,Sampurna sari,Banjarmasin Utara (63.71.04),Antasan Kecil Timur (63.71.04.1008),Jl Antasan Kecil Timur,13134 - INDUSTRI BATIK
3,Hasan Sasirangan,Hasan Basri,Hasan Basri,Banjarmasin Utara (63.71.04),Alalak Utara (63.71.04.1002),Komp Herlina perkasa permai rt 06 rw 01 blok A no 29 Alalak Utara,13132 - INDUSTRI PENYEMPURNAAN KAIN
4,khanisa sasirangan (jasa motif),Arbainah,Arbainah,Banjarmasin Utara (63.71.04),Sungai Jingah (63.71.04.1004),Jl sungai jingah Rt 06,13132 - INDUSTRI PENYEMPURNAAN KAIN
5,Anisah Sasirangan,Fahrian,Fahrian,Banjarmasin Utara (63.71.04),Sungai Jingah (63.71.04.1004),Jl. Sungai jinggah Rt 17,13132 - INDUSTRI PENYEMPURNAAN KAIN
6,Dzifa Sasirangan,Laila ramdani,Laila Ramdani,Banjarmasin Utara (63.71.04),Sungai Jingah (63.71.04.1004),jl sungai jingah rt 6 no 17,13132 - INDUSTRI PENYEMPURNAAN KAIN
7,Aisya Sasirangan,Muhammad Ricky Saputra,Muhammad Ricky Saputra,Banjarmasin Utara (63.71.04),Sungai Jingah (63.71.04.1004),jl sungai jingah rt 6 no 31 gang sdn sei jingah 7,13132 - INDUSTRI PENYEMPURNAAN KAIN
8,Alfina Sasirangan,Syarfina Asriani,Syarfina Asriani,Banjarmasin Utara (63.71.04),Sungai Jingah (63.71.04.1004),jl sungai jingah rt 6 no 66,13132 - INDUSTRI PENYEMPURNAAN KAIN
9,Keluarga Sasirangan,Nurul Zainah,Nurul Zainah,Banjarmasin Utara (63.71.04),Sungai Jingah (63.71.04.1004),jl sungai jingah rt 6 no 65,13134 - INDUSTRI BATIK
10,Tiara Sasirangan,Tiara Maulida,Tiara Maulida,Banjarmasin Utara (63.71.04),Sungai Jingah (63.71.04.1004),jl sungai jingah rt 17 no 31,13132 - INDUSTRI PENYEMPURNAAN KAIN
11,Hanna 99 sasirangan,surgi firdaus,devi triwahyuni,Banjarmasin Utara (63.71.04),Sungai Jingah (63.71.04.1004),jl sungai jingah rt 17 no 94,13132 - INDUSTRI PENYEMPURNAAN KAIN
12,D'sujing sasirangan,Muhammad Rafi,Muhammad Rafi,Banjarmasin Utara (63.71.04),Sungai Jingah (63.71.04.1004),Jl sungai jingah rt 17 rw 01 no 94,13132 - INDUSTRI PENYEMPURNAAN KAIN
13,Azamlipa Sasirangan,Rima putri hardiani,Rima putri hardiani,Banjarmasin Barat (63.71.03),Basirih (63.71.03.1009),Jl. Banyiur dalam no 39 rt 42 rw 03,13132 - INDUSTRI PENYEMPURNAAN KAIN
14,Iyan sasirangan,Sarkianoor,Sarkianoor,Banjarmasin Barat (63.71.03),Kuin Cerucuk (63.71.03.1008),Jl .Belda Gg emas urai no 20 rt 25 rw.009,13134 - INDUSTRI BATIK
15,Berkat limpuar sasirangan,"RR. Hesti Tri Wulandari, SE","RR. Hesti Tri Wulandari, SE",Banjarmasin Barat (63.71.03),Telawang (63.71.03.1005),Jl teluk tiram darat no 27 rt 019 rw 002,13132 - INDUSTRI PENYEMPURNAAN KAIN
16,umaai sasirangan (13132),desi fatimah,desi fatimah,Banjarmasin Timur (63.71.02),Banua Anyar (63.71.02.1006),jl 9 nopember rt 17 no 64,13132 - INDUSTRI PENYEMPURNAAN KAIN
17,Sasirangan N.H,Noor Basniah,Noor Basniah,Banjarmasin Barat (63.71.03),Pelambuan (63.71.03.1003),Jl.Ir PHM Noor Gg. Bina karya Rt 068 rw.004,13132 - INDUSTRI PENYEMPURNAAN KAIN
18,sasirangan premium najwa,najwa nur putri,najwa nur putri,Banjarmasin Timur (63.71.02),Pekapuran Raya (63.71.02.1008),jl pekapuran raya ujung komp indah sari rt 7,13134 - INDUSTRI BATIK
19,jelujur samsiah (zahra sasirangan),samsiah,samsiah,Banjarmasin Utara (63.71.04),Alalak Tengah (63.71.04.1001),jl. alalak tengah rt 1,13132 - INDUSTRI PENYEMPURNAAN KAIN
20,Mawar Sasirangan,Mawar,Mawar,Banjarmasin Selatan (63.71.01),Mantuil (63.71.01.1001),Jl.Tanjung Pandan Rt 4 Rw 02 No 06,13132 - INDUSTRI PENYEMPURNAAN KAIN 
1,Butik badingsanakan sasirangan,Muhammad Madani,Muhammad Madani,Banjarmasin Utara (63.71.04),Surgi Mufti (63.71.04.1006),Jl.Sultan Adam Ruko 10 pintu No.13 Rt.36 Rw.3,13134 - INDUSTRI BATIK
2,Jelujur aminah (zahra sasirangan),Aminah,Aminah,Banjarmasin Utara (63.71.04),Alalak Tengah (63.71.04.1001),Jl alalak tengah rt 1 rw 1,13132 - INDUSTRI PENYEMPURNAAN KAIN
3,Jelujur diah (zahra sasirangan),Diah,Diah,Banjarmasin Utara (63.71.04),Alalak Tengah (63.71.04.1001),Jl alalak tengah rt 1 rw 1,13132 - INDUSTRI PENYEMPURNAAN KAIN
4,M.RIDHO SASIRANGAN,Rusnawati,Rusnawati,Banjarmasin Barat (63.71.03),Pelambuan (63.71.03.1003),JL.Bina Karya/ Simpang Jagung Gg.Damai No.112 Rt.62 Rw.04,13134 - INDUSTRI BATIK
5,FATUR SASIRANGAN,marwiyah,marwiyah,Banjarmasin Barat (63.71.03),Pelambuan (63.71.03.1003),Jl. Bina Karya Gg. Damai No 87 Rt.27 Rw.03,13132 - INDUSTRI PENYEMPURNAAN KAIN
6,Alika Sasirangan,Denny Kurniawan Agoes,Denny Kurniawan Agoes,Banjarmasin Selatan (63.71.01),Pemurus Dalam (63.71.01.1010),Jl.Sadewa VI No 7 Rt 24 Komp BPP,13134 - INDUSTRI BATIK
7,Alalak Sasirangan,Safrah,SDA,Banjarmasin Utara (63.71.04),Alalak Tengah (63.71.04.1001),Jl. Alalak Tengah Rt.12,13132 - INDUSTRI PENYEMPURNAAN KAIN
8,Ikm Bekantan Sasirangan (WUB),Akhmad Zaki,SDA,Banjarmasin Utara (63.71.04),Alalak Utara (63.71.04.1002),Jl. HKSN Rt.18 No.96 Komp. ABD 1 PersadaAlalak Utara,13132 - INDUSTRI PENYEMPURNAAN KAIN
9,Novi Sasirangan,Novi Sunarty,SDA,Banjarmasin Utara (63.71.04),Sungai Jingah (63.71.04.1004),Jl. Sungai Jingah Gg. Purnama,13132 - INDUSTRI PENYEMPURNAAN KAIN
10,Aldi sasirangan,Alpikah,Alpikah,Banjarmasin Barat (63.71.03),Pelambuan (63.71.03.1003),Jl.bina karya Gg. Perdana No.20 Rt.063 Rw.004,13134 - INDUSTRI BATIK
11,Bahagia Sasirangan,Dewi riana,Dewi riana,Banjarmasin Barat (63.71.03),Teluk Tiram (63.71.03.1006),Jl. Bahagia Rt.008 Rw.001 No.33,13134 - INDUSTRI BATIK
12,Gunarti sasirangan,Gunarti madia ningsih,Gunarti madia ningsih,Banjarmasin Barat (63.71.03),Pelambuan (63.71.03.1003),Jl. Bina karya Gg damai No.35 Rt.062,13134 - INDUSTRI BATIK
13,Ananda syifa sasirangan,Ratna juwita wati,Ratna juwita wati,Banjarmasin Barat (63.71.03),Pelambuan (63.71.03.1003),Jl. IR PHM NOOR Simpang Jagung Gg damai No.36 Rt.062 Rw 04,13132 - INDUSTRI PENYEMPURNAAN KAIN
14,Sabriena sasirangan / sahena sasirangan (13134),Ena sahena,Ena sahena,Banjarmasin Barat (63.71.03),Telawang (63.71.03.1005),Jl. Teluk Tiram darat Rt.19 Gg 01 No.17,13132 - INDUSTRI PENYEMPURNAAN KAIN
15,Hj. Purnama Sasirangan,Sri Hartaty,Sri Hartaty,Banjarmasin Utara (63.71.04),Sungai Jingah (63.71.04.1004),Jl. Sungai Jingah RT.17,13134 - INDUSTRI BATIK
16,Zakaria sasirangan,Suharni,Sda,Banjarmasin Utara (63.71.04),Sungai Jingah (63.71.04.1004),Jl sei jingah rt 17 no 56,13134 - INDUSTRI BATIK
17,Azira Sasirangan,Mahyupi,Mahyupi,Banjarmasin Utara (63.71.04),Sungai Jingah (63.71.04.1004),Jl. Sungai Jingah No.97 Rt.17,13134 - INDUSTRI BATIK
18,Maya Sasirangan,Maimunah,Sda,Banjarmasin Utara (63.71.04),Sungai Jingah (63.71.04.1004),Jl sei jingah rt 6 no 71,13134 - INDUSTRI BATIK
19,Arsyad Sasirangan,Umroh,Umroh,Banjarmasin Utara (63.71.04),Sungai Jingah (63.71.04.1004),Jl sei jingah rt 6 no 36,13134 - INDUSTRI BATIK
20,Rahimah sasirangan,Rahimah,Rahimah,Banjarmasin Barat (63.71.03),Pelambuan (63.71.03.1003),Jl. IR PHM NOOR No 24 Rt 68 Rw 4,13132 - INDUSTRI PENYEMPURNAAN KAIN
1,alya sasirangan,Anas,Sda,Banjarmasin Utara (63.71.04),Sungai Jingah (63.71.04.1004),Jl sei jingah rt 6 no 83 gang keluarga,13134 - INDUSTRI BATIK
2,Syifa sasirangan,Yurdani,Sda,Banjarmasin Utara (63.71.04),Sungai Jingah (63.71.04.1004),Jl sei jingah rt 6 no 14,13134 - INDUSTRI BATIK
3,Hikmah Sasirangan,Rofika,Sda,Banjarmasin Utara (63.71.04),Sungai Jingah (63.71.04.1004),Jl sei jingah rt 6,13134 - INDUSTRI BATIK
4,Rafie sasirangan,Hairullah,Rafii,Banjarmasin Utara (63.71.04),Sungai Jingah (63.71.04.1004),Jl sei jingah rt 6 no 75,13134 - INDUSTRI BATIK
5,zahra sasirangan,M Syaipullah,Sda,Banjarmasin Utara (63.71.04),Sungai Jingah (63.71.04.1004),Jl sei jingah no 35 rt 06,13134 - INDUSTRI BATIK
6,Alsahid sasirangan,RISMA WIDIYANTI,RISMA WIDIYANTI,Banjarmasin Timur (63.71.02),Karang Mekar (63.71.02.1003),"Jl ayani km 3,5 gang Binjai RT 8 no 73",13134 - INDUSTRI BATIK
7,Sasirangan PS 8,Marni Permata Sari,Marni Permata Sari,Banjarmasin Timur (63.71.02),Pemurus Luar (63.71.02.1009),Jl Ayani Km 5.5 Komp karya Mandiri no 34,13134 - INDUSTRI BATIK
8,R2 cahaya sasirangan,Normanati,/,Banjarmasin Timur (63.71.02),Banua Anyar (63.71.02.1006),Jl 9 November SDN Banua anyar 10 RT 17,13134 - INDUSTRI BATIK
9,Aman Sasirangan,Abdurrahman,Abdurrahman,Banjarmasin Utara (63.71.04),Sungai Andai (63.71.04.1010),Jl padat karya blok batu virus rt 46 no 32 sei andai,13134 - INDUSTRI BATIK
10,kantan sasirangan,sandi agustinus,Sandi agustinus,Banjarmasin Utara (63.71.04),Sungai Miai (63.71.04.1005),Jl sultan adam komp kadar permai 6 no 98,13134 - INDUSTRI BATIK
11,Alina sasirangan 13134,NOOR YURITHA,NOOR YURITHA,Banjarmasin Tengah (63.71.05),Sungai Baru (63.71.05.1010),Jl Pekapuran a no 8 RT 8,13134 - INDUSTRI BATIK
12,Mama Bungas Sasirangan,Muslim Sugianto,Muslim Sugianto,Banjarmasin Selatan (63.71.01),Mantuil (63.71.01.1001),Jl. tanjung pandan RT 05 RW 02,13134 - INDUSTRI BATIK
13,IKM Luthfiah Sasirangan,Hj Asmah,Luthfiah,Banjarmasin Utara (63.71.04),Sungai Jingah (63.71.04.1004),Jl Sungai Jingah Rt 17 No 82,13134 - INDUSTRI BATIK
14,Ayu sasirangan 13134,Gusti Sri Rahayu,Gusti Sri Rahayu,Banjarmasin Tengah (63.71.05),Seberang Mesjid (63.71.05.1007),Seberang mesjid no 10 RT 05,13134 - INDUSTRI BATIK
15,katuju sasirangan,Masnita Indah Sari,Masnita Indah Sari,Banjarmasin Tengah (63.71.05),Seberang Mesjid (63.71.05.1007),jl seberang mesjid rt 06 no 3,13134 - INDUSTRI BATIK
16,Lina sasirangan 13134,Rusmalina,Rusmalina,Banjarmasin Tengah (63.71.05),Seberang Mesjid (63.71.05.1007),Jalan Seberang mesjid RT.05 No.08,13134 - INDUSTRI BATIK
17,IKM Natural Sasirangan,Elfi Hepdina,Elfi Hepdina,Banjarmasin Utara (63.71.04),Sungai Jingah (63.71.04.1004),Jl Sungai Jingah Rt 17 Gang Hj Purnama no 91,13134 - INDUSTRI BATIK
18,Siska Sasirangan 13134,Siti Salmah,Siti Salmah,Banjarmasin Tengah (63.71.05),Seberang Mesjid (63.71.05.1007),Jalan Seberang mesjid RT.05 Gang Sejoli No.16,13134 - INDUSTRI BATIK
19,IKM Pandawa Sasirangan,Kasuma Jaya,Kasuma Jaya,Banjarmasin Utara (63.71.04),Sungai Jingah (63.71.04.1004),Jl Sungai Jingah Rt 17 Gang Al Muttakin no 55,13134 - INDUSTRI BATIK
20,IKM IPAN BERKAH SASIRANGAN,Noripansyah,Noripanayah,Banjarmasin Utara (63.71.04),Sungai Jingah (63.71.04.1004),Jl Sungai Jingah Rt 17 Gang Al Muttakin no 55,13134 - INDUSTRI BATIK
1,Amay Sasirangan 13134,Hj. Siti Maimunah,Hj. Siti Maimunah,Banjarmasin Tengah (63.71.05),Seberang Mesjid (63.71.05.1007),Jalan Seberang mesjid No.18 RT.05,13134 - INDUSTRI BATIK
2,Indah Sasirangan 13134,Gusti Rusdiani,Gusti Rusdiani,Banjarmasin Tengah (63.71.05),Seberang Mesjid (63.71.05.1007),Seberang Mesjid RT.06 No.2B,13134 - INDUSTRI BATIK
3,Sinar Fajar Sasirangan,Adi Santoso,Adi Santoso,Banjarmasin Barat (63.71.03),Pelambuan (63.71.03.1003),Jl. Bina Karya No. 63,13132 - INDUSTRI PENYEMPURNAAN KAIN
4,Azzka Sasirangan (13132),Siti Murniati,Siti Murniati,Banjarmasin Utara (63.71.04),Sungai Jingah (63.71.04.1004),Jl. Jahri Saleh Komp. Jafri Zam-zam Rt. 26 No. 177 Gg. Buntu,13132 - INDUSTRI PENYEMPURNAAN KAIN
5,Butik Badingsanakan Sasirangan,Muhammad Madani,Muhammad Madani,Banjarmasin Utara (63.71.04),Surgi Mufti (63.71.04.1006),Jalan Sultan Adam Rkuo 10 Pintu No.13 RT.36 RW.003,13132 - INDUSTRI PENYEMPURNAAN KAIN
6,Kamila Sasirangan,Riduan Noor,Riduan Noor,Banjarmasin Utara (63.71.04),Sungai Andai (63.71.04.1010),Jl. Padat Karya Komp. Perdana Mandiri Blok 6 Jalur 5 No. 91,13132 - INDUSTRI PENYEMPURNAAN KAIN
7,M.Ridho Sasirangan,Rusnawati,Rusnawati,Banjarmasin Barat (63.71.03),Pelambuan (63.71.03.1003),JL.Bina Karya /simp jagung GG.Damai NO.112 RT.62 RW.04,13132 - INDUSTRI PENYEMPURNAAN KAIN
8,Adim sasirangan,Herry rachamtullah Razak,Herry rachamtullah Razak,Banjarmasin Barat (63.71.03),Belitung Utara (63.71.03.1001),JL.Belitung darat GG.Rahayu NO.21 RT.18 RW.02,13132 - INDUSTRI PENYEMPURNAAN KAIN
9,Anugrah Sasirangan,Ahmad fadil,Ahmad FAdil,Banjarmasin Utara (63.71.04),Sungai Jingah (63.71.04.1004),Jalan sungai jingah,13132 - INDUSTRI PENYEMPURNAAN KAIN
10,Aqila Sasirangan,Mahyudin,Mahyudin,Banjarmasin Utara (63.71.04),Sungai Jingah (63.71.04.1004),Jalan sungai jingah rt 17 no 97,13132 - INDUSTRI PENYEMPURNAAN KAIN
